Id,Label,timeset,modularity_class
0,t5_2qjie,,0
1,t5_2qh9z,,0
2,t5_2qh61,,0
3,t5_2qgzg,,0
4,t5_2qh0f,,0
5,t5_2qh1n,,0
6,t5_2qh55,,0
7,t5_2qh33,,0
8,t5_2qgzt,,0
9,t5_2qh03,,0
10,t5_2qh3s,,0
11,t5_2qh3l,,0
12,t5_1a8ah,,0
13,t5_2qh11,,0
14,t5_2qh0u,,0
15,t5_2cneq,,0
16,t5_2fwo,,0
17,t5_6,,0
18,t5_mouw,,0
19,t5_2qh3p,,0
20,t5_2qgzy,,0
21,t5_2qh16,,0
22,t5_2qh1e,,0
23,t5_2qh13,,0
24,t5_2qh1i,,0
25,t5_2qh1s,,0
26,t5_2qh0s,,0
27,t5_vf2,,0
28,t5_2qh1u,,0
29,t5_2qh2p,,0
30,t5_2qh17,,0
31,t5_2qh34,,0
32,t5_2qh41,,0
33,t5_2qh63,,0
34,t5_2qh18,,0
35,t5_2qmpz,,0
36,t5_2qh9a,,0
37,t5_2qh5b,,0
38,t5_2qh4w,,0
39,t5_2qh5j,,0
40,t5_2qi0c,,0
41,t5_2qh7a,,0
42,t5_2qhpa,,0
43,t5_2qh7f,,0
44,t5_2qh7l,,0
45,t5_2qhbe,,0
46,t5_2qhhn,,0
47,t5_2qh8y,,0
48,t5_2qhhw,,0
49,t5_2qhwd,,0
50,t5_2qhds,,0
51,t5_2qh2c,,0
52,t5_2qmjm,,0
53,t5_1efbr,,0
54,t5_2qjme,,0
55,t5_2qh1f,,0
56,t5_2qh15,,0
57,t5_2qhg1,,0
58,t5_2qh3v,,0
59,t5_2qi0s,,0
60,t5_2qh4i,,0
61,t5_2qh4r,,0
62,t5_2qhpn,,0
63,t5_2qm0p,,0
64,t5_2qhba,,0
65,t5_2qh45,,0
66,t5_2qhc8,,0
67,t5_2qn29,,0
68,t5_2qh2u,,0
69,t5_2qhh7,,0
70,t5_2qh1a,,0
71,t5_2qhsg,,0
72,t5_2qh10,,0
73,t5_2qh7x,,0
74,t5_2qh2a,,0
75,t5_2qheq,,0
76,t5_2qhcz,,0
77,t5_2qmns,,0
78,t5_2qh0r,,0
79,t5_2qh3a,,0
80,t5_2qh96,,0
81,t5_2qh1x,,0
82,t5_2qh1m,,0
83,t5_2qh2w,,0
84,t5_2qh3b,,0
85,t5_2qh8d,,0
86,t5_2qha7,,0
87,t5_2qhvo,,0
88,t5_2qpgc,,0
89,t5_2qmah,,0
90,t5_2qh0k,,0
91,t5_2qh5k,,0
92,t5_2qq5c,,0
93,t5_2qh53,,0
94,t5_2qh0n,,0
95,t5_2qh4n,,0
96,t5_2qh21,,0
97,t5_2qh2z,,0
98,t5_2qhk3,,0
99,t5_2qh22,,0
100,t5_2qh2d,,0
101,t5_2qh5r,,0
102,t5_2h84o,,0
103,t5_2qhul,,0
104,t5_2qjia,,0
105,t5_2qhkd,,0
106,t5_2qqj1,,0
107,t5_2qh2x,,0
108,t5_2qjg6,,0
109,t5_2qhos,,0
110,t5_1rqwi,,0
111,t5_2qh39,,0
112,t5_2qh26,,0
113,t5_2qh0w,,0
114,t5_2qh3y,,0
115,t5_2qh0z,,0
116,t5_2qh78,,0
117,t5_2qh6o,,0
118,t5_2qh0y,,0
119,t5_2qh8e,,0
120,t5_2qh1o,,0
121,t5_2qh68,,0
122,t5_2qh5i,,0
123,t5_2qh30,,0
124,t5_2qh87,,0
125,t5_2qhi6,,0
126,t5_2qh6z,,0
127,t5_2qifu,,0
128,t5_2qh5x,,0
129,t5_2qhzx,,0
130,t5_2qh7j,,0
131,t5_2qh8x,,0
132,t5_2qh2m,,0
133,t5_2qh2n,,0
134,t5_2ql3x,,0
135,t5_2qh2j,,0
136,t5_2qh69,,0
137,t5_2qh0p,,0
138,t5_2qh48,,0
139,t5_2qh6c,,0
140,t5_2qhy7,,0
141,t5_2qh7d,,0
142,t5_2qh71,,0
143,t5_2qh4p,,0
144,t5_2qh12,,0
145,t5_2qh1k,,0
146,t5_2qjii,,0
147,t5_2qi2m,,0
148,t5_2qh19,,0
149,t5_2qh6q,,0
150,t5_2qhw9,,0
151,t5_2qh3f,,0
152,t5_2qlf3,,0
153,t5_2qh4c,,0
154,t5_2qh44,,0
155,t5_2qh7b,,0
156,t5_2qh3o,,0
157,t5_2qh7p,,0
158,t5_2qhoa,,0
159,t5_2qhmr,,0
160,t5_3b8o,,0
161,t5_2qkvt,,0
162,t5_2qh62,,0
163,t5_2qied,,0
164,t5_2qhor,,0
165,t5_2qnoi,,0
166,t5_2qit1,,0
167,t5_2qlxu,,0
168,t5_2qh72,,0
169,t5_2qh36,,0
170,t5_2qinw,,0
171,t5_2qopr,,0
172,t5_2qilf,,0
173,t5_22i5,,0
174,t5_2qpfm,,0
175,t5_2qilz,,0
176,t5_2qigv,,1
177,t5_2qhy4,,1
178,t5_2qh3c,,0
179,t5_2qhwv,,0
180,t5_2qhfm,,0
181,t5_2qh4j,,0
182,t5_2qjfz,,0
183,t5_2qp85,,0
184,t5_2qp8g,,0
185,t5_2qnhq,,0
186,t5_2qhbp,,0
187,t5_2qiiv,,0
188,t5_2qh1p,,0
189,t5_2qnhu,,0
190,t5_2qoil,,0
191,t5_2qn7k,,0
192,t5_247c,,0
193,t5_2qkhk,,0
194,t5_2qmsv,,0
195,t5_2qhlm,,0
196,t5_2qi0e,,0
197,t5_2qiea,,0
198,t5_2qhud,,0
199,t5_2qm9k,,0
200,t5_2qm21,,0
201,t5_2qhqb,,0
202,t5_2qify,,0
203,t5_2qkr9,,0
204,t5_2qh1t,,0
205,t5_2qiee,,0
206,t5_2qlm4,,0
207,t5_2qhnn,,0
208,t5_2qh9k,,0
209,t5_2qpzs,,0
210,t5_2qhkh,,0
211,t5_2qhcv,,0
212,t5_2qhvd,,0
213,t5_2qhz7,,0
214,t5_2qhog,,0
215,t5_2qhu2,,0
216,t5_2qh5l,,0
217,t5_2qidy,,0
218,t5_2qhps,,0
219,t5_2qiio,,0
220,t5_2qiec,,0
221,t5_2qhs7,,0
222,t5_2qh6p,,0
223,t5_2qhq2,,0
224,t5_2qj8f,,0
225,t5_2qh1q,,0
226,t5_2qhoq,,0
227,t5_2qhx4,,0
228,t5_2qhsa,,0
229,t5_2qhbo,,0
230,t5_2qhtg,,0
231,t5_2qhlh,,0
232,t5_2qhj4,,0
233,t5_2qi9t,,0
234,t5_2qhat,,0
235,t5_2qher,,0
236,t5_2qhmc,,0
237,t5_2qm7g,,0
238,t5_2qhk8,,0
239,t5_2qhxu,,0
240,t5_2qhvl,,0
241,t5_2qh1b,,0
242,t5_2qhzi,,0
243,t5_2qhmf,,0
244,t5_2qht9,,0
245,t5_2qh35,,0
246,t5_2qhg2,,0
247,t5_2qh1h,,0
248,t5_2qh9m,,0
249,t5_2qi79,,0
250,t5_2qhek,,0
251,t5_2qh8f,,0
252,t5_2qh3n,,0
253,t5_2qh2l,,0
254,t5_2qh2k,,0
255,t5_2qizd,,0
256,t5_2qhhu,,0
257,t5_2qh5e,,0
258,t5_2qkdk,,0
259,t5_2qhn5,,0
260,t5_2qhmg,,0
261,t5_2qhpm,,0
262,t5_2qoaq,,0
263,t5_2qq8o,,0
264,t5_2qmh1,,0
265,t5_2qjxn,,0
266,t5_2qh1r,,0
267,t5_2qq5n,,0
268,t5_2qhae,,0
269,t5_2qh2s,,0
270,t5_2qh2v,,0
271,t5_2qi15,,0
272,t5_2qi2h,,0
273,t5_2qh6e,,0
274,t5_2qhnj,,0
275,t5_2qhze,,0
276,t5_2qq8r,,0
277,t5_2qh3j,,0
278,t5_2qhx3,,0
279,t5_2qh9n,,0
280,t5_2qhnf,,0
281,t5_2qh8h,,0
282,t5_2qh5d,,0
283,t5_2qh3d,,0
284,t5_2qh4v,,0
285,t5_2qlqh,,0
286,t5_2qkd5,,0
287,t5_22i0,,0
288,t5_2qh1y,,0
289,t5_2qnxo,,0
290,t5_2qh1l,,0
291,t5_2qhsz,,0
292,t5_2qht0,,0
293,t5_2qjeg,,0
294,t5_2qj02,,0
295,t5_2qk7i,,0
296,t5_2qlhq,,0
297,t5_2qhr3,,0
298,t5_2qieh,,0
299,t5_2qh2b,,0
300,t5_2qh9o,,0
301,t5_2qlmp,,0
302,t5_2qq6g,,0
303,t5_2qius,,0
304,t5_2qhn4,,0
305,t5_2qi02,,0
306,t5_2qmm6,,0
307,t5_2qhn3,,0
308,t5_2qh56,,0
309,t5_2qh9c,,0
310,t5_2qh38,,0
311,t5_2qhlj,,0
312,t5_2qi27,,0
313,t5_2qktu,,0
314,t5_2qh81,,0
315,t5_2qhs8,,0
316,t5_2qhbx,,0
317,t5_2qhhq,,0
318,t5_2qh8q,,0
319,t5_2qn4p,,0
320,t5_2qh4u,,0
321,t5_2qjp8,,0
322,t5_2qhqo,,0
323,t5_2qlfj,,0
324,t5_2qhmv,,0
325,t5_2qhoo,,0
326,t5_2qh70,,0
327,t5_2qivc,,0
328,t5_2qhwg,,0
329,t5_2qh2i,,0
330,t5_2qhnh,,0
331,t5_2qho7,,0
332,t5_2qhlk,,0
333,t5_2qhjr,,0
334,t5_2qohv,,0
335,t5_2qh6i,,0
336,t5_2qms5,,0
337,t5_2qhu8,,0
338,t5_2qh9j,,0
339,t5_2qh76,,0
340,t5_2qi58,,0
341,t5_2qoea,,0
342,t5_2qhdx,,0
343,t5_2qn4f,,0
344,t5_2qh3u,,0
345,t5_2ql7z,,0
346,t5_2qh1d,,0
347,t5_2qidm,,0
348,t5_2qh8w,,0
349,t5_2qhva,,0
350,t5_22i6,,0
351,t5_2qhrv,,0
352,t5_2qhqc,,0
353,t5_2qlsu,,0
354,t5_2qh65,,0
355,t5_2qlk2,,0
356,t5_2qh20,,0
357,t5_2qlqk,,0
358,t5_2qn85,,0
359,t5_2qhh9,,0
360,t5_2qh3r,,0
361,t5_2qiel,,0
362,t5_2qhb9,,0
363,t5_2qq6l,,0
364,t5_2qhlw,,0
365,t5_2qh3h,,0
366,t5_2qn4t,,0
367,t5_2qm29,,0
368,t5_2qht8,,0
369,t5_2qphx,,0
370,t5_2qhvj,,0
371,t5_2qmys,,0
372,t5_2qh82,,0
373,t5_2qj94,,0
374,t5_2qh9r,,0
375,t5_2qh3g,,0
376,t5_2qo20,,0
377,t5_2qhy8,,0
378,t5_2qqjj,,0
379,t5_2qm50,,0
380,t5_2qh14,,0
381,t5_2qj5o,,0
382,t5_2qh60,,0
383,t5_2qh1c,,0
384,t5_2qh6t,,0
385,t5_2qnhe,,0
386,t5_2qhqt,,0
387,t5_2qhk1,,0
388,t5_2qhpi,,0
389,t5_2qh8m,,0
390,t5_2qjfk,,0
391,t5_2qhku,,0
392,t5_2qmd0,,0
393,t5_2qi4s,,0
394,t5_2qi6d,,0
395,t5_2qm82,,0
396,t5_22i1,,0
397,t5_2qjts,,0
398,t5_2qo94,,0
399,t5_2qkkc,,0
400,t5_2qhnd,,0
401,t5_2qoye,,0
402,t5_2qh9l,,0
403,t5_2qhpc,,0
404,t5_2qhk2,,0
405,t5_2qp81,,0
406,t5_2qmib,,0
407,t5_2qhad,,0
408,t5_2qmbv,,0
409,t5_2qhbk,,0
410,t5_2qqkq,,0
411,t5_2qkch,,0
412,t5_2qhtt,,0
413,t5_2qhxj,,0
414,t5_2qiv4,,0
415,t5_2qm22,,0
416,t5_2qq1y,,0
417,t5_2qmud,,0
418,t5_2qipb,,0
419,t5_2qhkb,,0
420,t5_2qhv0,,0
421,t5_2qhfj,,0
422,t5_2qho1,,0
423,t5_2qh0x,,0
424,t5_2qj0q,,0
425,t5_21n6,,0
426,t5_2qoof,,0
427,t5_2qlz9,,0
428,t5_2qho4,,0
429,t5_2qhc5,,0
430,t5_2qhza,,0
431,t5_2qhjv,,0
432,t5_2qlxx,,0
433,t5_2qhb1,,0
434,t5_2qig6,,0
435,t5_2qokx,,0
436,t5_2qhf9,,0
437,t5_2qhvw,,0
438,t5_2qhe4,,0
439,t5_2qj8u,,0
440,t5_2qnl1,,0
441,t5_2qluz,,0
442,t5_2qlfy,,0
443,t5_2qht2,,0
444,t5_2qhmh,,0
445,t5_2qosw,,0
446,t5_2qhhr,,0
447,t5_2qhn7,,0
448,t5_2qlm1,,0
449,t5_2qm7u,,0
450,t5_2qhmt,,0
451,t5_2qk5c,,0
452,t5_2qqd5,,0
453,t5_2qi7s,,0
454,t5_2qltg,,0
455,t5_2qhft,,0
456,t5_2qk5e,,0
457,t5_2qhbg,,0
458,t5_2qhr6,,0
459,t5_2qoa2,,0
460,t5_2qian,,0
461,t5_2qjr6,,0
462,t5_2qlmd,,0
463,t5_2qknd,,0
464,t5_2qmrk,,0
465,t5_2qqjc,,0
466,t5_2qp2y,,0
467,t5_2qmwm,,0
468,t5_2qhtq,,0
469,t5_2qh2t,,0
470,t5_2qk9s,,0
471,t5_2qhw4,,0
472,t5_2qhoe,,0
473,t5_2qhz5,,0
474,t5_2r4w1,,0
475,t5_2qhjx,,0
476,t5_2qhmd,,0
477,t5_2qhpk,,0
478,t5_2qhff,,0
479,t5_2qlkx,,0
480,t5_2qh1j,,0
481,t5_2qo13,,0
482,t5_2qqhi,,0
483,t5_2qjt7,,0
484,t5_2qi7c,,0
485,t5_2qn16,,0
486,t5_2qpmq,,0
487,t5_2qhix,,0
488,t5_2qqe6,,0
489,t5_2qhgd,,0
490,t5_2ql9w,,0
491,t5_2qhue,,0
492,t5_2qhjn,,0
493,t5_2qhas,,0
494,t5_2qhma,,0
495,t5_2qn2k,,0
496,t5_2ql00,,0
497,t5_2qnnu,,0
498,t5_2qhd7,,0
499,t5_2qh94,,0
500,t5_2qiog,,0
501,t5_2qhzu,,0
502,t5_2qhik,,0
503,t5_2qio8,,0
504,t5_2qhwu,,0
505,t5_2qok1,,0
506,t5_2qprq,,0
507,t5_2qqe4,,0
508,t5_2qigc,,0
509,t5_2qhcm,,0
510,t5_2qhv7,,0
511,t5_2qh23,,0
512,t5_2qn7j,,0
513,t5_2qm9h,,0
514,t5_2qk3w,,0
515,t5_2qh5c,,0
516,t5_2ql8o,,0
517,t5_2qhj5,,0
518,t5_2qpgv,,0
519,t5_2qiyc,,0
520,t5_2qltr,,0
521,t5_2qi4f,,0
522,t5_2qqlv,,0
523,t5_2qlcr,,0
524,t5_2qhi2,,0
525,t5_2qhyg,,0
526,t5_2qkw4,,0
527,t5_2qj39,,0
528,t5_2qmhy,,0
529,t5_2qlht,,0
530,t5_22i2,,0
531,t5_2qnkg,,0
532,t5_2qlrm,,0
533,t5_2qkbj,,0
534,t5_2qjc9,,0
535,t5_2qp2x,,0
536,t5_2qlxg,,0
537,t5_2qorm,,0
538,t5_2ql8d,,0
539,t5_2qkh0,,0
540,t5_2qkej,,0
541,t5_2qlhi,,0
542,t5_2qhe0,,0
543,t5_2qhqn,,0
544,t5_2qja8,,0
545,t5_2qj0s,,0
546,t5_2qi1h,,0
547,t5_2qhx0,,0
548,t5_2qqf2,,0
549,t5_2qi2n,,0
550,t5_2qief,,0
551,t5_2qo6p,,0
552,t5_2qhhi,,0
553,t5_247i,,0
554,t5_2qhp0,,0
555,t5_2qngr,,0
556,t5_2qh75,,0
557,t5_2qh64,,0
558,t5_2qhbb,,0
559,t5_2qhmm,,0
560,t5_2qh4s,,0
561,t5_2qmt1,,0
562,t5_2qh89,,0
563,t5_2qi5q,,0
564,t5_2qjyy,,0
565,t5_2qhp7,,0
566,t5_2qin0,,0
567,t5_2qh7h,,0
568,t5_2qhdp,,0
569,t5_2qhk0,,0
570,t5_2qhjq,,0
571,t5_2qhbf,,0
572,t5_2qlcd,,0
573,t5_2qi2g,,0
574,t5_2qj57,,0
575,t5_2qhm5,,0
576,t5_2qi5b,,0
577,t5_2qh5o,,0
578,t5_2qkyp,,0
579,t5_2qldo,,0
580,t5_2qn6u,,0
581,t5_2qh7m,,0
582,t5_2qq7p,,0
583,t5_2qhd4,,0
584,t5_2qnw4,,0
585,t5_2qmqj,,0
586,t5_2qpa6,,0
587,t5_2qhwp,,0
588,t5_2qi8w,,0
589,t5_2qilj,,0
590,t5_21of,,0
591,t5_2qjxs,,0
592,t5_2qnf1,,0
593,t5_2qk0q,,0
594,t5_2qi67,,0
595,t5_2qk49,,0
596,t5_2qhbn,,0
597,t5_2qlj2,,0
598,t5_2qidr,,0
599,t5_2qm97,,0
600,t5_2qood,,0
601,t5_2qh74,,0
602,t5_2qqe7,,0
603,t5_2qhef,,0
604,t5_2qhcu,,0
605,t5_2qh2o,,0
606,t5_2qhp6,,0
607,t5_2qhd2,,0
608,t5_2qhky,,0
609,t5_2qqgm,,0
610,t5_2qljy,,0
611,t5_2qijr,,0
612,t5_2qp9k,,0
613,t5_2qjgr,,0
614,t5_2qkli,,0
615,t5_2qhar,,0
616,t5_2qhm9,,0
617,t5_2qhhf,,0
618,t5_2qhzr,,0
619,t5_2qhfi,,0
620,t5_2qh3q,,0
621,t5_2qkw1,,0
622,t5_2qhl2,,0
623,t5_2qhm7,,0
624,t5_2qo1n,,0
625,t5_2qhuv,,0
626,t5_2qlc6,,0
627,t5_2qi7j,,0
628,t5_2qq7y,,0
629,t5_2qjt2,,0
630,t5_2qj1m,,0
631,t5_2qlvx,,0
632,t5_2qixm,,0
633,t5_2qhh5,,0
634,t5_2qhag,,0
635,t5_2qi4z,,0
636,t5_2qh95,,0
637,t5_2qjkp,,0
638,t5_2qph5,,0
639,t5_2qi6t,,0
640,t5_2qi9g,,0
641,t5_2qhdr,,0
642,t5_2qjve,,0
643,t5_2qka0,,0
644,t5_2qhs6,,0
645,t5_2qhne,,0
646,t5_247d,,0
647,t5_2qjx5,,0
648,t5_2qiaj,,0
649,t5_2qhoj,,0
650,t5_2qhfo,,0
651,t5_2qhe8,,0
652,t5_2qkg1,,0
653,t5_2qkr8,,0
654,t5_2qkkb,,0
655,t5_2qhon,,0
656,t5_2qh8o,,0
657,t5_2qqm8,,0
658,t5_2qh3k,,0
659,t5_2qomk,,0
660,t5_2qh2e,,0
661,t5_2qh37,,0
662,t5_2qn6z,,0
663,t5_2qpmn,,0
664,t5_2qkdw,,0
665,t5_2qhv1,,0
666,t5_2qi2s,,0
667,t5_2qhd5,,0
668,t5_2qi8l,,0
669,t5_2qhya,,0
670,t5_2qlqf,,0
671,t5_2qhce,,0
672,t5_2qosm,,0
673,t5_2qh8n,,0
674,t5_2qi6q,,0
675,t5_2qjj3,,0
676,t5_2qhxi,,1
677,t5_2qh8p,,0
678,t5_2qhg9,,0
679,t5_2qh3m,,0
680,t5_2qhms,,0
681,t5_2qitm,,0
682,t5_2qhqe,,0
683,t5_2qjdo,,0
684,t5_2qm1x,,0
685,t5_2qh49,,0
686,t5_2qi1t,,0
687,t5_2478,,0
688,t5_2qhf7,,0
689,t5_2qh9i,,0
690,t5_2qh97,,0
691,t5_2qhx7,,0
692,t5_21nj,,0
693,t5_2qhuh,,0
694,t5_2qhvx,,0
695,t5_2qkaf,,0
696,t5_2qkcl,,0
697,t5_2qhcb,,0
698,t5_2qhyt,,0
699,t5_2qoo3,,0
700,t5_2qh7e,,0
701,t5_3dzp,,0
702,t5_2qlml,,0
703,t5_2qhr7,,0
704,t5_2qhih,,0
705,t5_2qhvp,,0
706,t5_2qhyi,,0
707,t5_2qhhk,,0
708,t5_2qn22,,0
709,t5_2qoeu,,0
710,t5_2qnb4,,0
711,t5_2qh3t,,0
712,t5_2qhfg,,0
713,t5_247e,,0
714,t5_2qh43,,0
715,t5_2qig3,,0
716,t5_2qn5f,,0
717,t5_2qhg6,,0
718,t5_2qkey,,0
719,t5_2qi8h,,0
720,t5_2qq2b,,0
721,t5_2qhjz,,0
722,t5_2qo3l,,0
723,t5_2qi6b,,0
724,t5_2qh3i,,0
725,t5_2qhuo,,0
726,t5_2qmew,,0
727,t5_2qpp6,,0
728,t5_2qhaa,,0
729,t5_2476,,0
730,t5_2qhho,,0
731,t5_2qhy9,,0
732,t5_22i3,,0
733,t5_2qhqd,,0
734,t5_2qhqx,,0
735,t5_2qh29,,0
736,t5_2qkm8,,0
737,t5_2qlnn,,0
738,t5_2qhjj,,0
739,t5_2qhmw,,0
740,t5_2qi1n,,0
741,t5_2qhwq,,0
742,t5_2qok2,,0
743,t5_2qp31,,0
744,t5_2qk5w,,0
745,t5_2qhav,,0
746,t5_2qhil,,0
747,t5_2qh24,,0
748,t5_2qolb,,0
749,t5_2475,,0
750,t5_2qh4k,,0
751,t5_2qhm0,,0
752,t5_2qpo4,,0
753,t5_2ql87,,0
754,t5_2qlf2,,0
755,t5_2qo8h,,0
756,t5_2qm67,,0
757,t5_2qhrs,,0
758,t5_2qhtr,,0
759,t5_2qhmi,,0
760,t5_2qh8s,,0
761,t5_2qpzm,,0
762,t5_2qhvr,,0
763,t5_2qhgv,,0
764,t5_2qhpo,,0
765,t5_bi84,,0
