Id,Label,timeset,color
0,t5_2qjie,,26
1,t5_2qh9z,,21
2,t5_2qh61,,24
3,t5_2qgzg,,24
4,t5_2qh0f,,24
5,t5_2qh1n,,24
6,t5_2qh55,,24
7,t5_2qh33,,24
8,t5_2qgzt,,24
9,t5_2qh03,,24
10,t5_2qh3s,,24
11,t5_2qh3l,,24
12,t5_1a8ah,,24
13,t5_2qh11,,24
14,t5_2qh0u,,24
15,t5_2cneq,,24
16,t5_2fwo,,24
17,t5_6,,24
18,t5_mouw,,24
19,t5_2qh3p,,24
20,t5_2qgzy,,24
21,t5_2qh16,,24
22,t5_2qh1e,,24
23,t5_2qh13,,24
24,t5_2qh1i,,24
25,t5_2qh1s,,24
26,t5_2qh0s,,24
27,t5_vf2,,24
28,t5_2qh1u,,24
29,t5_2qh2p,,24
30,t5_2qh17,,24
31,t5_2qh34,,24
32,t5_2qh41,,26
33,t5_2qh63,,9
34,t5_2qh18,,0
35,t5_2qmpz,,21
36,t5_2qh9a,,21
37,t5_2qh5b,,21
38,t5_2qh4w,,24
39,t5_2qh5j,,9
40,t5_2qi0c,,1
41,t5_2qh7a,,24
42,t5_2qhpa,,24
43,t5_2qh7f,,21
44,t5_2qh7l,,24
45,t5_2qhbe,,21
46,t5_2qhhn,,24
47,t5_2qh8y,,9
48,t5_2qhhw,,24
49,t5_2qhwd,,24
50,t5_2qhds,,24
51,t5_2qh2c,,1
52,t5_2qmjm,,24
53,t5_1efbr,,24
54,t5_2qjme,,24
55,t5_2qh1f,,0
56,t5_2qh15,,24
57,t5_2qhg1,,24
58,t5_2qh3v,,24
59,t5_2qi0s,,21
60,t5_2qh4i,,21
61,t5_2qh4r,,9
62,t5_2qhpn,,9
63,t5_2qm0p,,24
64,t5_2qhba,,21
65,t5_2qh45,,0
66,t5_2qhc8,,9
67,t5_2qn29,,24
68,t5_2qh2u,,1
69,t5_2qhh7,,28
70,t5_2qh1a,,0
71,t5_2qhsg,,24
72,t5_2qh10,,24
73,t5_2qh7x,,21
74,t5_2qh2a,,24
75,t5_2qheq,,24
76,t5_2qhcz,,21
77,t5_2qmns,,24
78,t5_2qh0r,,9
79,t5_2qh3a,,1
80,t5_2qh96,,24
81,t5_2qh1x,,24
82,t5_2qh1m,,0
83,t5_2qh2w,,24
84,t5_2qh3b,,24
85,t5_2qh8d,,21
86,t5_2qha7,,24
87,t5_2qhvo,,9
88,t5_2qpgc,,24
89,t5_2qmah,,24
90,t5_2qh0k,,21
91,t5_2qh5k,,24
92,t5_2qq5c,,24
93,t5_2qh53,,21
94,t5_2qh0n,,27
95,t5_2qh4n,,0
96,t5_2qh21,,22
97,t5_2qh2z,,24
98,t5_2qhk3,,28
99,t5_2qh22,,24
100,t5_2qh2d,,24
101,t5_2qh5r,,0
102,t5_2h84o,,0
103,t5_2qhul,,26
104,t5_2qjia,,28
105,t5_2qhkd,,21
106,t5_2qqj1,,28
107,t5_2qh2x,,0
108,t5_2qjg6,,24
109,t5_2qhos,,21
110,t5_1rqwi,,0
111,t5_2qh39,,21
112,t5_2qh26,,0
113,t5_2qh0w,,0
114,t5_2qh3y,,0
115,t5_2qh0z,,24
116,t5_2qh78,,26
117,t5_2qh6o,,1
118,t5_2qh0y,,0
119,t5_2qh8e,,24
120,t5_2qh1o,,24
121,t5_2qh68,,24
122,t5_2qh5i,,24
123,t5_2qh30,,0
124,t5_2qh87,,24
125,t5_2qhi6,,1
126,t5_2qh6z,,9
127,t5_2qifu,,9
128,t5_2qh5x,,24
129,t5_2qhzx,,1
130,t5_2qh7j,,24
131,t5_2qh8x,,1
132,t5_2qh2m,,0
133,t5_2qh2n,,21
134,t5_2ql3x,,24
135,t5_2qh2j,,0
136,t5_2qh69,,24
137,t5_2qh0p,,0
138,t5_2qh48,,0
139,t5_2qh6c,,1
140,t5_2qhy7,,0
141,t5_2qh7d,,1
142,t5_2qh71,,9
143,t5_2qh4p,,0
144,t5_2qh12,,1
145,t5_2qh1k,,0
146,t5_2qjii,,9
147,t5_2qi2m,,26
148,t5_2qh19,,0
149,t5_2qh6q,,21
150,t5_2qhw9,,21
151,t5_2qh3f,,24
152,t5_2qlf3,,24
153,t5_2qh4c,,1
154,t5_2qh44,,1
155,t5_2qh7b,,24
156,t5_2qh3o,,24
157,t5_2qh7p,,1
158,t5_2qhoa,,24
159,t5_2qhmr,,27
160,t5_3b8o,,0
161,t5_2qkvt,,24
162,t5_2qh62,,0
163,t5_2qied,,9
164,t5_2qhor,,21
165,t5_2qnoi,,24
166,t5_2qit1,,24
167,t5_2qlxu,,26
168,t5_2qh72,,24
169,t5_2qh36,,27
170,t5_2qinw,,24
171,t5_2qopr,,13
172,t5_2qilf,,20
173,t5_22i5,,1
174,t5_2qpfm,,13
175,t5_2qilz,,13
176,t5_2qigv,,11
177,t5_2qhy4,,11
178,t5_2qh3c,,9
179,t5_2qhwv,,9
180,t5_2qhfm,,9
181,t5_2qh4j,,21
182,t5_2qjfz,,9
183,t5_2qp85,,12
184,t5_2qp8g,,12
185,t5_2qnhq,,12
186,t5_2qhbp,,12
187,t5_2qiiv,,0
188,t5_2qh1p,,24
189,t5_2qnhu,,24
190,t5_2qoil,,24
191,t5_2qn7k,,3
192,t5_247c,,14
193,t5_2qkhk,,3
194,t5_2qmsv,,1
195,t5_2qhlm,,1
196,t5_2qi0e,,24
197,t5_2qiea,,9
198,t5_2qhud,,24
199,t5_2qm9k,,9
200,t5_2qm21,,24
201,t5_2qhqb,,21
202,t5_2qify,,9
203,t5_2qkr9,,9
204,t5_2qh1t,,24
205,t5_2qiee,,9
206,t5_2qlm4,,21
207,t5_2qhnn,,21
208,t5_2qh9k,,1
209,t5_2qpzs,,28
210,t5_2qhkh,,21
211,t5_2qhcv,,21
212,t5_2qhvd,,24
213,t5_2qhz7,,24
214,t5_2qhog,,26
215,t5_2qhu2,,26
216,t5_2qh5l,,26
217,t5_2qidy,,21
218,t5_2qhps,,21
219,t5_2qiio,,9
220,t5_2qiec,,9
221,t5_2qhs7,,21
222,t5_2qh6p,,9
223,t5_2qhq2,,21
224,t5_2qj8f,,21
225,t5_2qh1q,,21
226,t5_2qhoq,,26
227,t5_2qhx4,,26
228,t5_2qhsa,,24
229,t5_2qhbo,,21
230,t5_2qhtg,,21
231,t5_2qhlh,,21
232,t5_2qhj4,,24
233,t5_2qi9t,,24
234,t5_2qhat,,21
235,t5_2qher,,1
236,t5_2qhmc,,21
237,t5_2qm7g,,21
238,t5_2qhk8,,21
239,t5_2qhxu,,24
240,t5_2qhvl,,21
241,t5_2qh1b,,0
242,t5_2qhzi,,24
243,t5_2qhmf,,21
244,t5_2qht9,,0
245,t5_2qh35,,27
246,t5_2qhg2,,24
247,t5_2qh1h,,26
248,t5_2qh9m,,1
249,t5_2qi79,,24
250,t5_2qhek,,24
251,t5_2qh8f,,21
252,t5_2qh3n,,26
253,t5_2qh2l,,21
254,t5_2qh2k,,21
255,t5_2qizd,,0
256,t5_2qhhu,,21
257,t5_2qh5e,,0
258,t5_2qkdk,,21
259,t5_2qhn5,,24
260,t5_2qhmg,,26
261,t5_2qhpm,,21
262,t5_2qoaq,,24
263,t5_2qq8o,,28
264,t5_2qmh1,,24
265,t5_2qjxn,,21
266,t5_2qh1r,,24
267,t5_2qq5n,,28
268,t5_2qhae,,21
269,t5_2qh2s,,24
270,t5_2qh2v,,21
271,t5_2qi15,,9
272,t5_2qi2h,,24
273,t5_2qh6e,,26
274,t5_2qhnj,,21
275,t5_2qhze,,24
276,t5_2qq8r,,24
277,t5_2qh3j,,0
278,t5_2qhx3,,21
279,t5_2qh9n,,27
280,t5_2qhnf,,21
281,t5_2qh8h,,21
282,t5_2qh5d,,21
283,t5_2qh3d,,0
284,t5_2qh4v,,0
285,t5_2qlqh,,24
286,t5_2qkd5,,10
287,t5_22i0,,10
288,t5_2qh1y,,10
289,t5_2qnxo,,1
290,t5_2qh1l,,26
291,t5_2qhsz,,21
292,t5_2qht0,,21
293,t5_2qjeg,,26
294,t5_2qj02,,21
295,t5_2qk7i,,24
296,t5_2qlhq,,24
297,t5_2qhr3,,26
298,t5_2qieh,,24
299,t5_2qh2b,,0
300,t5_2qh9o,,21
301,t5_2qlmp,,21
302,t5_2qq6g,,24
303,t5_2qius,,21
304,t5_2qhn4,,21
305,t5_2qi02,,21
306,t5_2qmm6,,24
307,t5_2qhn3,,21
308,t5_2qh56,,21
309,t5_2qh9c,,21
310,t5_2qh38,,0
311,t5_2qhlj,,24
312,t5_2qi27,,27
313,t5_2qktu,,21
314,t5_2qh81,,24
315,t5_2qhs8,,1
316,t5_2qhbx,,26
317,t5_2qhhq,,21
318,t5_2qh8q,,26
319,t5_2qn4p,,24
320,t5_2qh4u,,0
321,t5_2qjp8,,24
322,t5_2qhqo,,24
323,t5_2qlfj,,21
324,t5_2qhmv,,26
325,t5_2qhoo,,21
326,t5_2qh70,,24
327,t5_2qivc,,0
328,t5_2qhwg,,24
329,t5_2qh2i,,0
330,t5_2qhnh,,21
331,t5_2qho7,,21
332,t5_2qhlk,,21
333,t5_2qhjr,,26
334,t5_2qohv,,24
335,t5_2qh6i,,0
336,t5_2qms5,,21
337,t5_2qhu8,,24
338,t5_2qh9j,,24
339,t5_2qh76,,24
340,t5_2qi58,,21
341,t5_2qoea,,24
342,t5_2qhdx,,24
343,t5_2qn4f,,24
344,t5_2qh3u,,21
345,t5_2ql7z,,24
346,t5_2qh1d,,21
347,t5_2qidm,,24
348,t5_2qh8w,,24
349,t5_2qhva,,0
350,t5_22i6,,8
351,t5_2qhrv,,21
352,t5_2qhqc,,0
353,t5_2qlsu,,24
354,t5_2qh65,,24
355,t5_2qlk2,,24
356,t5_2qh20,,21
357,t5_2qlqk,,21
358,t5_2qn85,,21
359,t5_2qhh9,,24
360,t5_2qh3r,,21
361,t5_2qiel,,24
362,t5_2qhb9,,21
363,t5_2qq6l,,21
364,t5_2qhlw,,21
365,t5_2qh3h,,0
366,t5_2qn4t,,24
367,t5_2qm29,,24
368,t5_2qht8,,24
369,t5_2qphx,,24
370,t5_2qhvj,,1
371,t5_2qmys,,1
372,t5_2qh82,,24
373,t5_2qj94,,24
374,t5_2qh9r,,24
375,t5_2qh3g,,21
376,t5_2qo20,,24
377,t5_2qhy8,,24
378,t5_2qqjj,,1
379,t5_2qm50,,27
380,t5_2qh14,,21
381,t5_2qj5o,,24
382,t5_2qh60,,27
383,t5_2qh1c,,24
384,t5_2qh6t,,24
385,t5_2qnhe,,24
386,t5_2qhqt,,24
387,t5_2qhk1,,21
388,t5_2qhpi,,21
389,t5_2qh8m,,21
390,t5_2qjfk,,21
391,t5_2qhku,,24
392,t5_2qmd0,,0
393,t5_2qi4s,,24
394,t5_2qi6d,,24
395,t5_2qm82,,24
396,t5_22i1,,19
397,t5_2qjts,,24
398,t5_2qo94,,21
399,t5_2qkkc,,21
400,t5_2qhnd,,21
401,t5_2qoye,,24
402,t5_2qh9l,,24
403,t5_2qhpc,,24
404,t5_2qhk2,,24
405,t5_2qp81,,21
406,t5_2qmib,,1
407,t5_2qhad,,24
408,t5_2qmbv,,24
409,t5_2qhbk,,24
410,t5_2qqkq,,24
411,t5_2qkch,,24
412,t5_2qhtt,,21
413,t5_2qhxj,,24
414,t5_2qiv4,,24
415,t5_2qm22,,21
416,t5_2qq1y,,24
417,t5_2qmud,,1
418,t5_2qipb,,24
419,t5_2qhkb,,24
420,t5_2qhv0,,24
421,t5_2qhfj,,9
422,t5_2qho1,,21
423,t5_2qh0x,,24
424,t5_2qj0q,,24
425,t5_21n6,,1
426,t5_2qoof,,24
427,t5_2qlz9,,24
428,t5_2qho4,,21
429,t5_2qhc5,,21
430,t5_2qhza,,21
431,t5_2qhjv,,21
432,t5_2qlxx,,1
433,t5_2qhb1,,24
434,t5_2qig6,,24
435,t5_2qokx,,28
436,t5_2qhf9,,24
437,t5_2qhvw,,0
438,t5_2qhe4,,21
439,t5_2qj8u,,24
440,t5_2qnl1,,24
441,t5_2qluz,,21
442,t5_2qlfy,,1
443,t5_2qht2,,21
444,t5_2qhmh,,24
445,t5_2qosw,,1
446,t5_2qhhr,,24
447,t5_2qhn7,,21
448,t5_2qlm1,,24
449,t5_2qm7u,,24
450,t5_2qhmt,,24
451,t5_2qk5c,,1
452,t5_2qqd5,,1
453,t5_2qi7s,,21
454,t5_2qltg,,1
455,t5_2qhft,,1
456,t5_2qk5e,,24
457,t5_2qhbg,,24
458,t5_2qhr6,,24
459,t5_2qoa2,,21
460,t5_2qian,,0
461,t5_2qjr6,,21
462,t5_2qlmd,,24
463,t5_2qknd,,24
464,t5_2qmrk,,21
465,t5_2qqjc,,24
466,t5_2qp2y,,24
467,t5_2qmwm,,24
468,t5_2qhtq,,24
469,t5_2qh2t,,24
470,t5_2qk9s,,24
471,t5_2qhw4,,24
472,t5_2qhoe,,27
473,t5_2qhz5,,27
474,t5_2r4w1,,24
475,t5_2qhjx,,21
476,t5_2qhmd,,21
477,t5_2qhpk,,24
478,t5_2qhff,,21
479,t5_2qlkx,,24
480,t5_2qh1j,,24
481,t5_2qo13,,1
482,t5_2qqhi,,24
483,t5_2qjt7,,24
484,t5_2qi7c,,1
485,t5_2qn16,,9
486,t5_2qpmq,,27
487,t5_2qhix,,24
488,t5_2qqe6,,24
489,t5_2qhgd,,24
490,t5_2ql9w,,1
491,t5_2qhue,,0
492,t5_2qhjn,,22
493,t5_2qhas,,24
494,t5_2qhma,,24
495,t5_2qn2k,,24
496,t5_2ql00,,24
497,t5_2qnnu,,21
498,t5_2qhd7,,0
499,t5_2qh94,,1
500,t5_2qiog,,24
501,t5_2qhzu,,24
502,t5_2qhik,,27
503,t5_2qio8,,24
504,t5_2qhwu,,0
505,t5_2qok1,,24
506,t5_2qprq,,24
507,t5_2qqe4,,28
508,t5_2qigc,,1
509,t5_2qhcm,,27
510,t5_2qhv7,,17
511,t5_2qh23,,1
512,t5_2qn7j,,1
513,t5_2qm9h,,1
514,t5_2qk3w,,1
515,t5_2qh5c,,24
516,t5_2ql8o,,1
517,t5_2qhj5,,26
518,t5_2qpgv,,1
519,t5_2qiyc,,1
520,t5_2qltr,,1
521,t5_2qi4f,,1
522,t5_2qqlv,,1
523,t5_2qlcr,,1
524,t5_2qhi2,,1
525,t5_2qhyg,,1
526,t5_2qkw4,,7
527,t5_2qj39,,7
528,t5_2qmhy,,17
529,t5_2qlht,,15
530,t5_22i2,,15
531,t5_2qnkg,,20
532,t5_2qlrm,,20
533,t5_2qkbj,,20
534,t5_2qjc9,,20
535,t5_2qp2x,,16
536,t5_2qlxg,,20
537,t5_2qorm,,16
538,t5_2ql8d,,20
539,t5_2qkh0,,1
540,t5_2qkej,,22
541,t5_2qlhi,,0
542,t5_2qhe0,,22
543,t5_2qhqn,,1
544,t5_2qja8,,1
545,t5_2qj0s,,4
546,t5_2qi1h,,30
547,t5_2qhx0,,0
548,t5_2qqf2,,1
549,t5_2qi2n,,21
550,t5_2qief,,21
551,t5_2qo6p,,21
552,t5_2qhhi,,24
553,t5_247i,,23
554,t5_2qhp0,,0
555,t5_2qngr,,1
556,t5_2qh75,,23
557,t5_2qh64,,1
558,t5_2qhbb,,1
559,t5_2qhmm,,1
560,t5_2qh4s,,0
561,t5_2qmt1,,1
562,t5_2qh89,,21
563,t5_2qi5q,,26
564,t5_2qjyy,,1
565,t5_2qhp7,,1
566,t5_2qin0,,21
567,t5_2qh7h,,1
568,t5_2qhdp,,1
569,t5_2qhk0,,24
570,t5_2qhjq,,1
571,t5_2qhbf,,21
572,t5_2qlcd,,1
573,t5_2qi2g,,1
574,t5_2qj57,,21
575,t5_2qhm5,,21
576,t5_2qi5b,,1
577,t5_2qh5o,,27
578,t5_2qkyp,,1
579,t5_2qldo,,1
580,t5_2qn6u,,26
581,t5_2qh7m,,1
582,t5_2qq7p,,1
583,t5_2qhd4,,24
584,t5_2qnw4,,21
585,t5_2qmqj,,6
586,t5_2qpa6,,6
587,t5_2qhwp,,1
588,t5_2qi8w,,1
589,t5_2qilj,,24
590,t5_21of,,24
591,t5_2qjxs,,1
592,t5_2qnf1,,1
593,t5_2qk0q,,24
594,t5_2qi67,,1
595,t5_2qk49,,1
596,t5_2qhbn,,1
597,t5_2qlj2,,1
598,t5_2qidr,,1
599,t5_2qm97,,24
600,t5_2qood,,9
601,t5_2qh74,,24
602,t5_2qqe7,,1
603,t5_2qhef,,24
604,t5_2qhcu,,21
605,t5_2qh2o,,24
606,t5_2qhp6,,1
607,t5_2qhd2,,24
608,t5_2qhky,,1
609,t5_2qqgm,,1
610,t5_2qljy,,1
611,t5_2qijr,,0
612,t5_2qp9k,,21
613,t5_2qjgr,,1
614,t5_2qkli,,1
615,t5_2qhar,,1
616,t5_2qhm9,,1
617,t5_2qhhf,,1
618,t5_2qhzr,,1
619,t5_2qhfi,,1
620,t5_2qh3q,,24
621,t5_2qkw1,,1
622,t5_2qhl2,,24
623,t5_2qhm7,,1
624,t5_2qo1n,,1
625,t5_2qhuv,,1
626,t5_2qlc6,,1
627,t5_2qi7j,,21
628,t5_2qq7y,,1
629,t5_2qjt2,,1
630,t5_2qj1m,,1
631,t5_2qlvx,,1
632,t5_2qixm,,1
633,t5_2qhh5,,1
634,t5_2qhag,,1
635,t5_2qi4z,,1
636,t5_2qh95,,1
637,t5_2qjkp,,1
638,t5_2qph5,,24
639,t5_2qi6t,,1
640,t5_2qi9g,,1
641,t5_2qhdr,,24
642,t5_2qjve,,0
643,t5_2qka0,,24
644,t5_2qhs6,,1
645,t5_2qhne,,1
646,t5_247d,,2
647,t5_2qjx5,,1
648,t5_2qiaj,,1
649,t5_2qhoj,,1
650,t5_2qhfo,,1
651,t5_2qhe8,,24
652,t5_2qkg1,,1
653,t5_2qkr8,,1
654,t5_2qkkb,,1
655,t5_2qhon,,24
656,t5_2qh8o,,1
657,t5_2qqm8,,1
658,t5_2qh3k,,0
659,t5_2qomk,,1
660,t5_2qh2e,,1
661,t5_2qh37,,27
662,t5_2qn6z,,1
663,t5_2qpmn,,1
664,t5_2qkdw,,1
665,t5_2qhv1,,27
666,t5_2qi2s,,1
667,t5_2qhd5,,1
668,t5_2qi8l,,1
669,t5_2qhya,,0
670,t5_2qlqf,,1
671,t5_2qhce,,1
672,t5_2qosm,,1
673,t5_2qh8n,,27
674,t5_2qi6q,,1
675,t5_2qjj3,,8
676,t5_2qhxi,,11
677,t5_2qh8p,,1
678,t5_2qhg9,,1
679,t5_2qh3m,,1
680,t5_2qhms,,1
681,t5_2qitm,,1
682,t5_2qhqe,,1
683,t5_2qjdo,,1
684,t5_2qm1x,,1
685,t5_2qh49,,1
686,t5_2qi1t,,29
687,t5_2478,,29
688,t5_2qhf7,,5
689,t5_2qh9i,,5
690,t5_2qh97,,1
691,t5_2qhx7,,1
692,t5_21nj,,1
693,t5_2qhuh,,1
694,t5_2qhvx,,0
695,t5_2qkaf,,1
696,t5_2qkcl,,21
697,t5_2qhcb,,1
698,t5_2qhyt,,1
699,t5_2qoo3,,25
700,t5_2qh7e,,1
701,t5_3dzp,,1
702,t5_2qlml,,14
703,t5_2qhr7,,1
704,t5_2qhih,,1
705,t5_2qhvp,,1
706,t5_2qhyi,,1
707,t5_2qhhk,,1
708,t5_2qn22,,0
709,t5_2qoeu,,1
710,t5_2qnb4,,1
711,t5_2qh3t,,1
712,t5_2qhfg,,24
713,t5_247e,,1
714,t5_2qh43,,24
715,t5_2qig3,,1
716,t5_2qn5f,,1
717,t5_2qhg6,,1
718,t5_2qkey,,1
719,t5_2qi8h,,15
720,t5_2qq2b,,25
721,t5_2qhjz,,19
722,t5_2qo3l,,1
723,t5_2qi6b,,26
724,t5_2qh3i,,0
725,t5_2qhuo,,1
726,t5_2qmew,,1
727,t5_2qpp6,,1
728,t5_2qhaa,,29
729,t5_2476,,1
730,t5_2qhho,,8
731,t5_2qhy9,,1
732,t5_22i3,,1
733,t5_2qhqd,,27
734,t5_2qhqx,,0
735,t5_2qh29,,0
736,t5_2qkm8,,1
737,t5_2qlnn,,0
738,t5_2qhjj,,1
739,t5_2qhmw,,22
740,t5_2qi1n,,2
741,t5_2qhwq,,1
742,t5_2qok2,,1
743,t5_2qp31,,24
744,t5_2qk5w,,0
745,t5_2qhav,,1
746,t5_2qhil,,1
747,t5_2qh24,,1
748,t5_2qolb,,1
749,t5_2475,,1
750,t5_2qh4k,,1
751,t5_2qhm0,,1
752,t5_2qpo4,,1
753,t5_2ql87,,1
754,t5_2qlf2,,1
755,t5_2qo8h,,1
756,t5_2qm67,,1
757,t5_2qhrs,,1
758,t5_2qhtr,,1
759,t5_2qhmi,,1
760,t5_2qh8s,,1
761,t5_2qpzm,,1
762,t5_2qhvr,,1
763,t5_2qhgv,,18
764,t5_2qhpo,,18
765,t5_bi84,,1
